RoomArea,NumberofAppliances,Outside Temperature,InsulationThickness,BuildingType,HVACSystem,AverageTemperature,EnergyConsumption
302,5,-9.638783835,7.227564231,Residential,Window AC,-8.444160713,1828.82092
470,17,13.53650533,1.086167921,Residential,Window AC,15.26751709,2307.834235
306,17,13.9485592,3.590366343,Commercial,Window AC,12.0291106,1591.374161
271,18,5.866391054,1.19194217,Residential,Split AC,4.481525876,1463.371403
388,12,-0.518885716,3.750819577,Residential,Central AC,1.025799461,2198.909856
220,7,-0.61303847,4.680688192,Residential,Central AC,-0.778964221,1291.298013
302,6,25.34838679,4.581769706,Commercial,Window AC,25.60674934,1250.242058
321,5,7.680974951,2.159398429,Commercial,Split AC,8.333083766,1599.892546
414,18,3.23557452,5.520183571,Commercial,Split AC,3.951840938,2266.73507
287,7,7.951102953,1.313449154,Commercial,Split AC,9.678064567,1459.348862
299,19,16.77561606,6.333347741,Commercial,Split AC,18.76341373,1490.175099
351,6,-4.16973727,7.626511038,Commercial,Split AC,-3.289107426,2091.179544
330,6,7.977353409,3.37838179,Residential,Central AC,7.126238245,1673.95116
349,10,13.51537484,4.620675672,Commercial,Central AC,15.03438445,1726.454842
457,16,27.94333419,3.652371946,Commercial,Central AC,26.14021785,2137.064134
493,5,0.101111283,1.046972732,Residential,Window AC,-0.974565305,2559.989118
391,6,4.370029917,3.70112152,Commercial,Split AC,5.959572787,2089.991066
476,18,5.174343597,6.542041815,Commercial,Window AC,4.199109655,2679.278769
360,10,14.22152631,5.171921895,Residential,Split AC,13.10413054,1807.730066
221,7,4.269282122,1.708819402,Residential,Central AC,2.821783294,1101.548622
452,19,11.34047701,6.929976428,Residential,Window AC,12.77692404,2391.416923
435,8,21.27161319,4.717597414,Commercial,Central AC,21.27184623,2026.695406
248,5,18.21542376,6.892063532,Residential,Split AC,18.91499658,1208.695999
258,12,7.854745861,5.061550631,Commercial,Split AC,6.811011397,1370.590502
369,17,24.56864711,4.917819114,Commercial,Split AC,25.60080879,1726.17965
387,11,12.32560998,1.736814296,Commercial,Central AC,13.36563216,1987.269668
470,11,11.59623358,2.171518132,Commercial,Split AC,10.84662568,2324.271933
389,7,-8.632489362,7.804176795,Residential,Central AC,-8.98975883,2268.834282
374,14,29.46771921,2.599407227,Residential,Window AC,28.30648032,1658.804658
250,14,-5.081167659,7.842164826,Commercial,Split AC,-3.174923566,1620.254097
254,7,-0.754763503,4.723388946,Residential,Split AC,-0.172353195,1376.309273
443,18,-7.93212651,1.950523329,Commercial,Split AC,-6.193950987,2605.038068
330,6,15.60011867,1.695115419,Commercial,Window AC,14.81366085,1472.548562
334,16,-1.011952921,2.462048495,Commercial,Split AC,0.115610731,1896.599544
220,5,-2.799582501,7.47946131,Residential,Central AC,-1.736147926,1338.176008
366,11,-6.457776631,3.89905157,Commercial,Central AC,-5.691154024,2126.35274
473,11,-5.867641715,3.768039876,Commercial,Split AC,-4.005085814,2528.82172
288,16,13.38682802,3.192443827,Residential,Split AC,12.96104936,1446.291482
213,6,17.52831463,2.029432954,Residential,Window AC,16.05118393,958.9057926
441,11,5.895159539,4.41495838,Residential,Window AC,6.581994976,2378.144051
464,17,9.195883264,1.910334478,Residential,Window AC,10.11312247,2340.703922
252,12,17.43870944,6.848361655,Commercial,Split AC,17.73895173,1301.416504
291,5,-9.304808393,3.592778904,Residential,Window AC,-10.47753682,1678.356216
463,13,2.925226283,3.623624974,Commercial,Window AC,2.943050049,2454.867492
234,11,28.92390992,4.318044999,Residential,Central AC,28.17266887,916.4030328
405,7,13.20448919,4.108893992,Residential,Window AC,12.9143553,1984.550728
280,12,0.168983196,7.964005811,Residential,Central AC,0.749857499,1726.813691
249,11,10.86920187,4.817667849,Residential,Central AC,11.85006084,1301.544556
201,15,3.706139525,1.617411927,Residential,Window AC,2.635038288,1125.449558
253,19,11.28979955,5.248141391,Residential,Central AC,10.911101,1438.981396
305,17,-4.970339528,2.06109005,Commercial,Split AC,-5.893693244,1770.643824
459,12,-4.691413847,1.216563513,Residential,Split AC,-5.896887392,2505.841606
390,10,-4.258305518,7.795195076,Residential,Window AC,-3.124756638,2319.567546
417,13,27.59279168,6.414772241,Residential,Split AC,29.22980245,1955.86888
243,19,19.31595673,7.860762947,Residential,Central AC,18.79688548,1249.160709
361,9,-3.504724214,4.345149136,Commercial,Split AC,-2.499608516,1958.826008
401,7,-2.466036649,4.725802718,Residential,Window AC,-0.878055492,2222.049514
469,7,19.23317899,2.178358691,Residential,Window AC,20.61767584,2091.135729
470,5,-3.753446208,2.728351987,Residential,Central AC,-5.022192654,2500.243665
414,16,-0.617548267,6.869844504,Residential,Window AC,1.207619259,2435.607534
451,19,28.53387331,3.49329953,Commercial,Split AC,28.04057907,2116.695823
389,12,0.212260989,6.787704817,Residential,Window AC,-0.430776366,2096.387483
495,6,16.46529401,5.96309607,Commercial,Central AC,14.71501932,2417.305086
412,7,29.1452515,2.240196477,Residential,Window AC,29.08994611,1721.666661
407,12,4.971870686,4.552124563,Commercial,Split AC,3.407925148,2107.778561
436,18,-9.299360366,5.741711251,Commercial,Central AC,-10.30520108,2631.075695
252,12,-0.234108383,2.645260504,Residential,Split AC,-0.966337896,1411.829943
479,18,23.23508765,6.814819574,Residential,Central AC,24.47039295,2338.493375
416,15,24.58435344,4.813793603,Commercial,Window AC,26.08630804,1963.712826
451,8,20.74077458,2.156694353,Commercial,Central AC,19.95063985,2035.728042
387,8,-5.475607237,5.080890983,Residential,Central AC,-4.040814752,2203.53872
240,9,21.82041487,7.997996629,Commercial,Window AC,23.24933862,1092.987465
356,10,26.74711188,2.053650442,Commercial,Split AC,27.80571568,1492.943258
214,9,14.0243817,6.717298511,Commercial,Window AC,12.61116216,1133.626733
264,18,27.63501425,2.451163022,Residential,Central AC,28.39630564,1189.231628
208,19,23.07355535,6.476718306,Commercial,Window AC,24.85365161,927.9983235
328,11,16.67886068,6.142045462,Commercial,Central AC,17.40902259,1660.011641
335,6,13.08740947,3.103425699,Commercial,Window AC,12.41387686,1670.686922
262,11,3.94294669,3.280761823,Residential,Window AC,3.945263959,1504.339877
338,14,-3.62850219,6.547649744,Residential,Split AC,-3.045602017,2041.399514
280,11,14.19815691,4.230118583,Commercial,Central AC,14.24043854,1328.760125
362,5,2.724462145,6.115726201,Residential,Split AC,1.204273912,1972.946634
488,11,24.6575467,2.035889032,Commercial,Central AC,23.90580288,2177.391962
460,9,29.73347749,6.967904473,Residential,Window AC,30.94306162,2066.207669
430,7,20.0971105,5.976193017,Residential,Central AC,21.54278269,2057.221311
240,17,-6.380732189,7.348599662,Commercial,Split AC,-7.831532058,1572.445009
227,7,1.547423821,1.926606653,Residential,Split AC,3.356970831,1163.00076
334,8,-5.635614729,5.151101503,Residential,Split AC,-6.320324258,1960.844917
400,17,16.02046591,5.193844095,Residential,Central AC,16.66972087,2126.931103
467,16,20.60763458,3.474225184,Commercial,Split AC,21.61493517,2317.531701
232,6,27.02699324,4.209264972,Residential,Split AC,28.27477817,934.1397102
247,6,7.526893856,1.265870943,Residential,Split AC,9.309892665,1256.373283
261,5,26.05502598,6.22102027,Commercial,Window AC,25.30670418,1120.480991
415,19,25.11564636,4.845257356,Residential,Window AC,26.54967218,2007.665463
492,9,2.687828671,1.404187363,Residential,Central AC,1.214576284,2582.697209
298,8,24.75602502,5.765291251,Residential,Central AC,25.57618865,1245.547295
371,15,5.026890075,4.267474541,Residential,Split AC,5.994800993,2024.920405
413,14,1.874770982,1.241228816,Residential,Window AC,2.585663947,2197.655601
234,19,15.96298635,7.787254088,Commercial,Split AC,14.9722453,1280.245428
426,6,3.135249115,7.643785002,Commercial,Split AC,4.627421703,2272.778353
300,7,15.20834993,4.590316913,Residential,Window AC,13.88378379,1459.705482
330,11,14.39327222,1.655706945,Residential,Window AC,12.60781139,1536.318655
456,11,12.53755709,6.282348551,Residential,Window AC,13.40741706,2300.890868
204,16,5.216788169,4.443517701,Commercial,Central AC,5.11869103,1157.924536
417,8,11.93998887,3.117132348,Commercial,Central AC,13.33638095,2091.440146
454,9,13.859419,4.439927243,Residential,Split AC,13.39300756,2240.321085
482,9,11.82747554,4.657109018,Residential,Central AC,10.50058989,2392.68843
406,10,7.77677811,4.938981893,Commercial,Window AC,9.12254688,2093.456481
214,18,-9.413317718,4.088565996,Residential,Window AC,-9.217679192,1473.165117
241,13,13.48246831,5.240287122,Commercial,Central AC,12.23925148,1318.677464
378,6,-3.262224594,7.431142974,Commercial,Split AC,-2.3806886,2085.730212
262,9,15.70303876,3.53587661,Residential,Split AC,15.74749331,1268.947451
430,16,20.37377312,6.080015243,Commercial,Central AC,20.79102505,2149.586825
440,7,10.01781237,7.261167898,Residential,Split AC,9.861405718,2220.807903
251,8,11.6945466,4.19185493,Residential,Split AC,13.00938253,1316.762564
295,14,28.05914239,4.104190855,Residential,Split AC,29.37739325,1303.160704
421,10,23.88669445,5.214818897,Residential,Window AC,24.72424974,1925.609296
430,16,26.56946064,5.139847316,Residential,Window AC,24.99106615,1921.28437
436,12,22.55065153,6.646125396,Residential,Central AC,23.90606698,2106.120077
342,5,-5.643266326,4.335383686,Commercial,Window AC,-4.959214404,1929.119389
370,14,-4.040325761,7.972860647,Commercial,Split AC,-3.252229097,2158.526453
228,18,11.06495189,1.416300982,Commercial,Window AC,10.51688325,1130.171021
235,12,-0.157213648,1.02217494,Commercial,Central AC,1.359904577,1361.227197
212,15,9.067819002,5.481388181,Residential,Window AC,9.969305403,1085.825733
359,18,5.774612953,3.089044387,Commercial,Split AC,4.224974819,1965.875831
386,11,11.97656954,2.682676721,Commercial,Split AC,11.60768167,1904.633143
442,5,19.87502865,3.18329356,Commercial,Central AC,21.42055009,2050.398183
285,6,18.61963628,2.792332956,Residential,Window AC,16.80842309,1246.836864
483,7,10.8493653,1.215530348,Commercial,Window AC,12.69503178,2361.233876
265,5,22.89573675,7.800731297,Residential,Window AC,23.61238703,1150.439832
369,18,7.234483662,2.545218419,Commercial,Split AC,7.759987572,1964.926868
244,13,25.86857159,6.138208338,Residential,Central AC,24.95080862,1109.189787
261,12,-7.148789198,6.338174763,Residential,Window AC,-8.153622043,1666.538927
333,6,28.1864012,7.504801786,Commercial,Split AC,29.95463408,1471.31536
483,17,16.18772326,1.2138462,Residential,Split AC,15.38081307,2320.06501
227,13,5.202980357,7.104338369,Residential,Split AC,6.305001544,1299.508334
307,11,-2.113834937,4.690583266,Commercial,Window AC,-2.541347744,1741.852197
243,13,9.167329178,5.42780877,Commercial,Window AC,7.724345461,1302.22175
485,10,-2.217667073,5.51129194,Commercial,Window AC,-4.174805882,2736.419988
327,10,-3.34673569,6.738584635,Residential,Window AC,-3.169706342,1902.26379
430,15,14.6940703,3.333851255,Residential,Window AC,16.59718557,2089.087998
389,18,10.92338898,6.131358329,Residential,Window AC,10.39993376,2110.858616
424,8,16.80384138,4.700046768,Commercial,Window AC,16.23261072,2109.275486
482,14,27.1842351,6.5537581,Residential,Window AC,26.56060157,2210.251043
320,14,11.29040853,7.933822229,Residential,Window AC,11.37258388,1827.960854
315,17,13.23728213,2.404557122,Residential,Split AC,12.99994166,1615.290741
432,17,-6.414946434,7.962540491,Residential,Window AC,-4.895287927,2637.169546
458,6,18.70543144,1.62868508,Residential,Central AC,18.7275146,2175.345812
397,11,5.996208272,1.016222835,Residential,Split AC,6.027239625,2074.012215
336,9,29.06900955,1.309133553,Residential,Window AC,27.62249593,1354.620748
364,15,22.92696062,3.392476833,Commercial,Central AC,24.85791879,1754.830035
424,10,10.89924162,5.430344315,Commercial,Window AC,9.899133184,2177.84825
433,6,-5.071093833,1.483206786,Commercial,Central AC,-6.777637563,2385.254779
371,9,24.37663173,1.039660702,Residential,Central AC,25.02921673,1660.137512
351,14,21.99124382,7.559637199,Residential,Central AC,22.3727093,1661.779257
359,8,-2.616594819,6.753486452,Commercial,Central AC,-2.956012203,2089.033708
295,13,1.811131569,6.664282198,Residential,Split AC,1.499900504,1702.024075
432,10,21.73629033,7.190969929,Commercial,Split AC,22.87654601,2084.684576
379,6,-2.590862138,5.900239909,Residential,Central AC,-3.808011578,2118.222368
312,5,26.71009957,1.730828908,Residential,Window AC,27.99111284,1248.313596
251,9,6.981097008,3.793701317,Commercial,Central AC,7.576085463,1392.333837
467,13,-6.518441496,6.062046405,Commercial,Split AC,-6.842562401,2615.695169
494,10,22.62994574,2.962341226,Commercial,Window AC,22.46206021,2203.680471
312,14,4.940387322,5.811844549,Commercial,Split AC,3.96697615,1645.466578
300,16,11.05996777,1.171489138,Commercial,Split AC,12.0684251,1570.987479
312,11,-5.507826224,3.142961386,Residential,Window AC,-5.456327254,1776.804746
280,9,-9.896639406,4.843912354,Residential,Central AC,-10.61322124,1741.937162
386,14,15.51940823,5.424628807,Residential,Central AC,15.90360869,1939.965596
312,10,10.60700681,5.039284651,Commercial,Central AC,12.58994462,1557.361834
201,9,13.74154276,5.884293933,Commercial,Central AC,13.48259188,1049.136599
329,15,21.74975402,1.042621238,Commercial,Window AC,23.43251962,1483.232966
419,13,15.86423654,1.7065884,Commercial,Window AC,15.2443039,2009.281466
253,19,-3.009062287,7.082609766,Commercial,Window AC,-4.790131459,1653.431695
423,10,4.430900764,5.772240509,Commercial,Split AC,3.24786919,2300.019903
424,15,26.23564419,1.790521499,Residential,Window AC,25.91042476,1864.326955
325,12,20.79778801,6.894521062,Residential,Central AC,19.67632772,1614.569518
329,6,12.26548232,2.695618525,Residential,Split AC,10.26639047,1647.422812
252,16,0.225799912,4.347819189,Residential,Central AC,1.885806063,1432.263267
371,17,2.082420073,2.01637559,Residential,Central AC,3.457937718,2048.00616
417,13,19.2783227,5.970770395,Commercial,Window AC,20.24749163,2029.994457
359,9,24.04697043,5.667980947,Commercial,Window AC,22.71822882,1672.616591
397,11,16.85698678,2.477787298,Commercial,Central AC,15.33844109,1830.867984
446,14,22.38119903,7.043805368,Commercial,Central AC,20.65161803,2256.605033
402,17,20.66624541,3.80914217,Commercial,Split AC,21.56236216,1865.794422
383,5,-4.011841282,3.047605637,Commercial,Window AC,-2.296609439,2073.915685
322,14,6.957792517,2.066307126,Residential,Split AC,6.6799358,1708.674059
454,9,-3.880647967,2.863176088,Commercial,Split AC,-5.404085279,2441.156399
493,16,-0.590576608,1.154188449,Commercial,Split AC,-0.541005325,2614.772341
479,18,24.77038499,5.082802447,Commercial,Central AC,24.16571262,2316.212056
297,14,8.915678625,6.895615224,Commercial,Split AC,8.414978323,1633.065121
397,18,11.41432407,4.842863146,Residential,Split AC,11.89964657,2090.93931
439,6,-2.862161391,2.534917733,Residential,Central AC,-1.987288938,2391.565201
343,16,2.490871442,1.235684247,Commercial,Window AC,0.933285837,1842.626979
296,10,-0.790153263,2.502396513,Residential,Window AC,-2.64779234,1657.879862
400,15,-1.752553419,3.912849996,Residential,Split AC,0.224767791,2229.215161
323,5,15.51843173,6.317280001,Commercial,Central AC,14.44934513,1516.10265
386,7,0.275353906,2.314899968,Commercial,Window AC,-1.509323995,2027.929759
458,9,15.28061944,6.038540173,Commercial,Split AC,14.04012076,2246.623252
347,8,-7.661815436,7.068534278,Commercial,Split AC,-9.50598405,2048.857727
451,7,-4.329024259,4.177627937,Commercial,Central AC,-4.76178068,2531.754294
346,14,0.98161016,6.750023941,Residential,Split AC,2.191217298,1977.571154
347,17,13.88187668,4.882601436,Commercial,Window AC,13.24685447,1761.278545
398,9,17.0336498,5.45963586,Commercial,Central AC,16.81038343,1935.091909
327,15,7.708678671,4.683949222,Commercial,Window AC,8.411025765,1768.260201
238,12,7.831636583,4.242209017,Residential,Window AC,7.867212863,1218.02557
328,15,18.98067406,2.642574092,Commercial,Window AC,20.4264568,1543.221057
466,8,-9.367156329,3.122358416,Commercial,Split AC,-7.903013629,2596.020297
350,5,3.643600979,3.029790833,Commercial,Split AC,1.683243761,1797.334588
497,15,22.74828228,4.943022517,Residential,Window AC,23.86046751,2428.912635
298,11,14.12877641,1.839675851,Commercial,Window AC,13.97171081,1431.695464
462,12,3.48908531,7.417541835,Commercial,Central AC,5.444447475,2587.411424
451,7,26.22099169,6.044586017,Commercial,Central AC,26.15392,2051.993827
343,10,20.9049091,3.810119416,Residential,Split AC,22.85249288,1666.433116
311,6,0.595817889,2.110369012,Commercial,Split AC,1.614095334,1625.231361
259,11,15.8115935,7.173945188,Commercial,Central AC,14.80601304,1272.826882
201,19,13.83002913,6.766446631,Commercial,Window AC,13.98360904,1150.243629
453,12,6.047516562,6.052050869,Residential,Split AC,8.016059119,2483.532366
339,10,4.678243168,2.900829332,Commercial,Window AC,6.108365599,1713.902774
236,10,3.742418991,3.817126462,Commercial,Central AC,2.131886566,1290.356712
359,9,14.68623134,1.719237767,Commercial,Split AC,15.51171932,1668.552188
208,12,7.696397459,2.323276673,Residential,Split AC,7.078715803,1098.162122
432,5,23.27452453,6.481116461,Residential,Central AC,21.30245358,1991.005357
298,14,16.78410465,6.005271032,Commercial,Split AC,16.39802852,1565.612913
346,8,-7.202735772,5.154400341,Residential,Central AC,-8.263718085,2015.708804
407,19,15.60672895,7.270087081,Residential,Split AC,16.88220604,2205.040012
330,8,0.84589746,5.082865625,Residential,Central AC,0.195219895,1803.213834
351,7,13.71247967,4.268776,Commercial,Split AC,15.02257444,1751.012419
253,7,17.20527724,3.382595224,Commercial,Window AC,15.207669,1156.005897
319,8,-0.766832434,7.58313954,Residential,Window AC,-1.535555834,1924.659547
360,15,8.274345795,1.579008231,Residential,Window AC,7.239006652,1783.614235
315,5,-2.387005487,7.516211604,Residential,Split AC,-3.452736043,1752.936429
274,18,-7.906444969,6.78700262,Commercial,Split AC,-9.633698489,1895.917841
312,15,5.139056939,1.909509472,Commercial,Window AC,3.887554021,1634.441081
303,17,4.517770874,4.954890504,Residential,Window AC,4.739969153,1682.841079
453,15,29.81921963,7.065835872,Residential,Central AC,28.98466392,2065.242244
426,6,7.854094048,5.002664145,Residential,Central AC,7.523673177,2229.66417
311,13,3.342781979,7.350398751,Residential,Central AC,2.8502495,1719.193365
298,14,13.21900027,7.600886718,Commercial,Window AC,14.72261997,1584.855251
352,6,-6.449304236,3.956691655,Residential,Window AC,-4.82810824,1982.592306
393,9,28.46662944,3.64119563,Commercial,Window AC,28.43845732,1752.65025
362,13,15.39840182,7.554248078,Residential,Central AC,14.71902562,1831.924801
407,13,20.1935128,5.725980428,Residential,Split AC,18.62071561,1997.380546
368,12,-3.180882473,1.812158769,Residential,Window AC,-1.367270956,1985.395604
360,5,6.37911412,1.296042245,Residential,Split AC,4.6200219,1893.931185
267,5,6.907564536,4.952403357,Residential,Split AC,6.098165646,1368.454983
488,13,22.87225776,7.511196758,Commercial,Split AC,22.06452256,2377.578243
476,17,-9.95053281,6.909740917,Residential,Central AC,-10.66892767,2920.190528
334,15,2.034124334,5.730934225,Residential,Split AC,0.691271707,1874.773181
394,12,29.24945497,1.973810942,Residential,Window AC,30.3821007,1774.103511
327,14,8.99546174,2.779619686,Commercial,Central AC,7.485453188,1675.086909
232,13,5.30105121,7.128578586,Commercial,Window AC,5.840677846,1386.640713
375,11,-5.206839919,2.279650657,Commercial,Window AC,-6.711455812,2080.06153
221,7,28.96658515,2.949075858,Commercial,Central AC,27.2487277,731.6809177
437,7,-9.198945763,1.907204558,Residential,Window AC,-7.561227748,2451.857995
357,6,19.487209,5.73275762,Residential,Window AC,18.24772407,1699.342187
237,9,20.74399219,7.607876138,Residential,Central AC,22.02899281,1050.203353
429,16,-0.253731357,2.882776221,Commercial,Window AC,-0.075207873,2351.108579
250,16,16.86233774,4.327846255,Residential,Split AC,15.17376382,1303.659807
463,7,-6.282834225,5.440378178,Residential,Window AC,-4.461041459,2618.056024
482,18,0.281890657,7.996263738,Commercial,Split AC,-0.730264675,2725.936165
226,10,21.51607953,1.733656455,Commercial,Window AC,22.95466091,912.055651
425,6,24.58744768,4.489995597,Commercial,Central AC,23.2626877,2003.400413
476,16,14.33945651,3.695840839,Residential,Central AC,15.75522803,2326.478366
485,7,10.27353727,7.060741157,Residential,Window AC,8.326452524,2479.151835
296,9,-3.627839175,4.331774117,Commercial,Central AC,-3.580717349,1637.818226
483,16,-7.475638677,1.776842672,Residential,Window AC,-6.397868359,2788.412166
346,15,-5.294038861,5.440969017,Commercial,Central AC,-3.554856791,2067.873783
203,15,-0.905707996,6.395464328,Commercial,Split AC,0.731100549,1315.403611
234,5,3.666980076,1.020168762,Residential,Window AC,4.945479554,1323.84329
391,17,5.23638102,7.012696798,Commercial,Split AC,6.789146419,2157.034587
248,5,3.852870744,2.302161,Commercial,Split AC,2.649749487,1365.678955
216,14,-0.437786712,4.864485553,Commercial,Window AC,-1.301049529,1304.319916
371,13,10.38896987,3.910582505,Residential,Split AC,9.54484397,1895.701479
419,11,23.01144433,6.037576716,Commercial,Window AC,22.51966005,2112.488632
357,5,1.188141539,3.598131304,Commercial,Split AC,0.76142422,1881.085984
245,19,27.69548076,7.088342237,Commercial,Window AC,27.87370206,1072.616063
205,16,24.93346647,6.113474527,Commercial,Window AC,23.57298552,947.3634329
298,18,-3.529431546,5.533992197,Commercial,Central AC,-2.764444891,1824.984476
432,12,21.45103827,6.573684169,Commercial,Window AC,20.12130443,2108.062901
236,7,12.98349529,6.278161244,Commercial,Window AC,12.22472922,1174.130906
479,12,12.66301449,1.251570724,Residential,Split AC,12.67639501,2460.863428
380,19,5.641710522,3.763140477,Residential,Window AC,6.827472768,2108.473944
294,9,10.04611997,7.515651081,Commercial,Central AC,11.0039969,1505.872991
298,5,5.887151097,1.880069883,Residential,Split AC,6.469288523,1495.521471
387,11,11.58930475,6.159675853,Residential,Split AC,10.21239779,1954.372455
315,9,15.11800211,7.822142679,Commercial,Central AC,15.30618349,1582.28713
390,10,16.97215226,1.365390403,Residential,Split AC,15.32193826,1777.203489
452,10,11.2992477,5.775357164,Commercial,Split AC,10.80870041,2411.374354
360,12,18.85688269,4.277078989,Commercial,Split AC,18.51094881,1688.119109
455,13,-4.348878029,5.054226788,Commercial,Split AC,-6.189632271,2605.695924
327,6,-1.520700364,1.597389355,Commercial,Central AC,-2.424747966,1733.584321
217,13,22.74940016,1.301048663,Commercial,Central AC,24.57199803,841.8593122
480,16,2.901119114,5.668066624,Residential,Split AC,4.715649545,2639.727011
422,19,-9.084247001,6.763166009,Commercial,Split AC,-9.674938784,2591.561617
253,15,-3.848354013,6.474107345,Residential,Central AC,-5.675953577,1630.138784
257,14,-1.05542262,4.806640095,Commercial,Central AC,-2.339042863,1405.853183
373,13,28.29291552,1.699067748,Commercial,Central AC,27.86178669,1542.845337
479,17,12.92165716,5.816311107,Commercial,Split AC,14.71277595,2535.379101
313,14,27.30922962,2.693222185,Residential,Split AC,25.87402587,1303.045651
487,19,13.00653402,7.377480919,Commercial,Window AC,14.06059739,2587.598811
350,14,9.174177606,6.867857517,Commercial,Central AC,7.608907763,1826.843251
326,11,2.549107648,5.96568077,Commercial,Split AC,4.474137957,1857.657056
354,5,14.25483778,7.641921691,Commercial,Central AC,13.78130377,1805.579347
472,11,-4.432079015,1.219952751,Residential,Split AC,-3.33114086,2597.475736
303,14,25.93046509,6.153402975,Commercial,Central AC,25.30082942,1440.738924
498,9,23.17329621,3.311699455,Residential,Split AC,23.68397171,2376.829553
445,10,2.701257915,7.3424612,Commercial,Window AC,1.469322254,2372.626649
375,14,28.1119011,2.866726377,Residential,Window AC,26.69598518,1611.222414
238,11,23.0080307,6.073995495,Residential,Central AC,24.76028725,1121.236628
369,18,16.65227543,7.143529138,Commercial,Split AC,18.32286455,1974.59744
446,19,-5.129523555,1.291597729,Commercial,Split AC,-3.579647794,2489.05766
225,9,9.129360922,3.783533057,Residential,Central AC,9.631094723,1116.535944
212,11,10.24430219,6.336163224,Commercial,Split AC,11.47737504,1110.448057
235,13,-0.697945665,4.184432227,Commercial,Central AC,-2.421797918,1318.903081
372,7,-6.801384226,2.870768409,Commercial,Split AC,-7.462228058,2025.865572
219,12,21.06894522,2.538637442,Residential,Central AC,20.32375772,887.3739383
463,6,-5.118597915,1.920627868,Commercial,Split AC,-4.576016627,2475.486602
341,15,13.77163002,6.999906919,Commercial,Central AC,13.19546112,1801.965514
342,11,27.45796696,5.027487823,Commercial,Split AC,26.05199408,1530.353894
291,17,25.0442077,1.534694615,Residential,Window AC,25.43007601,1254.602664
487,6,1.11010495,3.678062265,Commercial,Split AC,2.367640633,2527.710315
414,19,24.0579455,3.574135556,Residential,Central AC,23.58643948,1976.796603
250,18,-9.986699755,2.272174335,Commercial,Window AC,-11.45762489,1550.443255
352,8,-9.292487615,4.048553378,Residential,Split AC,-10.50573483,2108.330408
385,11,14.10212655,3.324695558,Commercial,Window AC,13.05205977,1954.231277
262,7,4.591928766,3.392625938,Commercial,Split AC,3.791519138,1347.694555
389,6,5.458433646,6.173185905,Residential,Window AC,6.029613928,2026.665405
324,15,12.57764363,2.562843699,Residential,Central AC,12.98142557,1694.757831
349,14,-2.328701776,5.493019712,Residential,Split AC,-1.54438233,2023.638341
257,11,-1.529785973,4.994547367,Commercial,Split AC,-2.079778035,1547.250009
379,5,9.384063481,4.976647586,Commercial,Central AC,10.68005409,1899.15673
369,18,20.17014177,5.641051423,Commercial,Window AC,18.98649242,1913.084271
470,19,14.77991006,4.838674253,Commercial,Central AC,14.65607305,2439.578816
253,12,1.894201929,7.154785804,Residential,Central AC,3.097956816,1527.065476
300,7,7.2134871,5.729060644,Commercial,Window AC,5.934121691,1604.694233
463,16,-3.173409658,4.82874276,Commercial,Central AC,-4.733957203,2591.420313
252,16,-7.014807427,6.808341842,Commercial,Split AC,-5.480071556,1638.226991
259,17,21.30784163,5.243025955,Commercial,Split AC,20.67956028,1288.705177
307,6,0.615496368,3.038009734,Commercial,Split AC,1.350976867,1652.848391
204,7,-2.889344486,2.449664427,Commercial,Central AC,-4.787950069,1123.452905
302,9,17.66472222,2.0662945,Commercial,Split AC,18.42490978,1470.010278
395,15,14.72206697,7.296186488,Residential,Split AC,13.98647222,2098.996319
461,12,15.32758504,5.970948023,Commercial,Split AC,13.55054845,2316.386501
246,14,-0.844215806,7.561649067,Commercial,Split AC,-0.40496476,1520.221169
343,11,-0.694178457,5.22304264,Commercial,Split AC,-1.730963193,1949.807323
468,11,-1.167894809,4.31380617,Commercial,Split AC,-1.62066584,2579.67055
323,16,-3.049896174,1.418015423,Residential,Central AC,-4.727572924,1747.458714
305,11,16.2289469,5.701495971,Residential,Split AC,14.81759991,1611.213201
357,19,23.92063541,5.075461318,Residential,Split AC,23.11254435,1678.20548
346,12,18.97269879,7.931462255,Residential,Window AC,17.33173679,1723.943482
344,5,21.68374535,2.674111444,Residential,Central AC,23.32705041,1499.969393
319,8,6.191937163,4.715161487,Residential,Central AC,4.216125336,1776.266683
474,17,16.16303181,5.556701346,Commercial,Central AC,16.09847269,2404.282358
291,10,4.169449618,5.512138223,Residential,Central AC,2.66243945,1682.126385
257,13,11.02018488,4.929054801,Residential,Split AC,10.25090124,1368.614696
428,17,9.265393861,6.438496072,Commercial,Split AC,10.9696321,2251.69477
316,6,-2.924514194,2.434868467,Residential,Window AC,-4.277735981,1739.300456
478,5,5.483150413,6.079390402,Commercial,Window AC,7.346479692,2473.415116
326,17,28.55289102,5.338142,Commercial,Central AC,27.37606853,1424.26595
328,14,-0.056789691,7.272525783,Residential,Window AC,0.909474742,1944.188499
257,16,-4.647850549,6.930361073,Commercial,Window AC,-4.461141489,1654.430117
321,18,6.743224865,3.206029274,Residential,Central AC,8.281139775,1775.793298
200,6,21.61350943,2.933661275,Residential,Central AC,21.82948246,804.138223
438,11,13.28592919,7.871573267,Commercial,Window AC,13.42416607,2225.587383
489,7,17.23899309,4.690856266,Commercial,Split AC,16.02082509,2388.648929
295,14,-2.412206073,7.344946747,Residential,Window AC,-3.747288625,1766.862112
325,6,14.75792772,2.147167166,Commercial,Window AC,16.42388432,1351.590901
317,18,2.940015796,5.499732404,Commercial,Split AC,2.251368592,1837.327059
247,15,23.37213464,6.669021312,Residential,Split AC,22.86046366,1140.09472
288,11,15.17195224,7.631766747,Residential,Central AC,16.21124687,1494.162577
436,17,-2.045748889,3.361380987,Commercial,Central AC,-2.690454959,2547.85744
471,17,-7.415332806,6.074868189,Residential,Window AC,-5.60708302,2859.114341
388,6,-8.294671629,4.771691063,Residential,Split AC,-7.342960553,2211.59775
391,7,4.856342706,1.424402482,Residential,Central AC,5.246059676,1939.31715
268,15,0.634045466,5.829998161,Residential,Window AC,2.157626108,1626.323445
477,11,15.84360494,5.830675908,Residential,Split AC,14.04202857,2355.448164
446,18,9.973353399,7.514247634,Residential,Window AC,9.001604168,2430.273478
275,8,0.64077112,4.481187123,Residential,Central AC,0.500916457,1501.969138
353,17,-4.030488882,2.611756445,Commercial,Central AC,-5.122574724,2060.227083
343,18,-4.912009493,1.311946764,Residential,Split AC,-3.936388743,1954.32037
285,5,24.58641569,3.909495307,Commercial,Window AC,26.26324781,1243.606342
384,17,-0.260881264,3.113416901,Commercial,Split AC,-0.565800784,2126.682672
484,18,16.06842592,6.327618142,Commercial,Central AC,15.43695632,2518.581101
419,9,22.42743712,3.479874354,Residential,Central AC,24.27364005,1854.947566
268,16,14.56325245,7.643498374,Residential,Window AC,14.34266218,1473.479874
246,13,24.38260927,7.736171421,Commercial,Window AC,24.33880287,1100.665086
293,12,5.695748861,5.346360132,Residential,Window AC,5.102348351,1619.54981
437,16,28.24888763,7.500622009,Commercial,Split AC,29.88708152,2122.439174
403,19,-4.674199833,6.325980412,Residential,Window AC,-4.3983779,2391.633461
417,13,-5.914018814,4.828017487,Residential,Window AC,-4.865320465,2348.812286
238,14,16.34768585,2.262155548,Commercial,Central AC,17.59491272,1154.868449
299,18,27.71324566,4.210185605,Commercial,Central AC,27.08064182,1301.455957
488,13,22.35533847,4.926121244,Commercial,Window AC,22.09011579,2312.980068
453,19,-6.943325622,7.047731065,Residential,Window AC,-5.549438525,2713.377639
421,11,1.174708557,4.369333636,Commercial,Central AC,0.627729964,2352.799846
222,8,27.21275539,7.283722709,Residential,Window AC,28.38849593,928.810791
449,9,0.122337312,5.720442853,Residential,Split AC,1.886306602,2448.716673
209,5,21.24681695,1.958993441,Residential,Split AC,21.73965844,852.3532592
445,18,23.00528784,7.964869585,Commercial,Split AC,23.97179699,2221.736669
299,5,9.818084138,4.690628625,Commercial,Window AC,11.03847339,1523.31782
489,7,5.453956394,3.743008075,Commercial,Central AC,6.83411499,2561.977493
379,17,8.004977297,5.613796351,Residential,Window AC,7.585190648,2040.81441
422,18,-0.921412225,1.762253198,Residential,Window AC,-2.716358389,2175.315716
449,12,25.57563665,5.455770527,Commercial,Central AC,25.18314173,2049.584506
346,18,8.024786269,4.487652003,Residential,Central AC,8.719811188,1939.815347
295,6,25.29837762,3.84671849,Residential,Central AC,25.09977916,1230.770466
456,8,-5.772260804,7.671140148,Commercial,Split AC,-4.7764082,2583.050201
203,6,29.53101084,4.657778017,Commercial,Window AC,28.95894056,783.5296474
215,18,7.730923498,2.533822356,Commercial,Central AC,8.269900062,1184.646349
479,9,-8.086767184,4.212744356,Residential,Window AC,-9.341087965,2585.929735
446,13,-8.479126071,7.435711832,Residential,Split AC,-7.481648324,2560.636025
457,5,19.8482903,2.232668299,Residential,Split AC,20.03107417,2102.861413
359,9,16.36142137,2.497699271,Residential,Central AC,15.17767892,1686.188118
351,18,22.08522233,1.091206974,Residential,Central AC,21.25286702,1698.278629
377,19,-5.785298642,1.099330346,Commercial,Window AC,-4.790863808,2147.102652
362,13,-8.577165319,6.805741389,Residential,Central AC,-8.646760376,2189.297269
232,19,10.34317158,6.124858248,Residential,Window AC,9.207297339,1273.124438
378,5,5.503809259,3.485287395,Residential,Central AC,7.372894021,1901.1189
300,13,8.477877467,5.888178101,Commercial,Window AC,9.338377546,1526.000205
467,12,29.66353635,3.766441484,Commercial,Window AC,31.49207568,2066.091551
264,8,28.82999831,7.670277572,Commercial,Window AC,28.53841849,1118.362134
367,16,27.69261559,7.76936877,Residential,Window AC,27.59301695,1728.181599
242,15,21.35370707,3.749556431,Commercial,Split AC,22.94552794,1222.163186
243,14,4.19365441,6.979553344,Commercial,Window AC,4.293851771,1523.36048
484,9,6.485237211,6.411623292,Commercial,Central AC,7.314352858,2503.408934
211,17,11.98464175,3.16999956,Residential,Split AC,10.99333326,1006.43353
294,9,23.22137826,2.624278802,Commercial,Split AC,23.00828413,1259.204885
452,15,-7.251486699,4.207642553,Residential,Window AC,-8.757687236,2621.750658
441,16,6.971875435,6.469441884,Residential,Split AC,5.795795579,2346.786502
234,10,-6.695293462,7.721174493,Commercial,Window AC,-8.691519801,1484.30411
414,11,10.58630346,6.345053482,Residential,Central AC,8.74336367,2227.234266
289,12,25.95603296,6.986448895,Commercial,Window AC,27.86516825,1302.510905
463,19,21.29939698,5.221450143,Residential,Split AC,20.26881176,2323.050557
292,18,-0.886303298,6.847854816,Commercial,Central AC,-0.23306046,1743.736361
289,12,29.03963398,6.490946006,Commercial,Window AC,30.39603278,1256.377387
314,15,16.69401592,3.638898793,Commercial,Central AC,16.89665776,1525.550819
304,18,-9.582892024,4.863932115,Residential,Central AC,-10.97031402,1907.253361
395,17,0.216539387,6.633271854,Commercial,Split AC,1.129005137,2332.182367
313,6,0.428531997,1.322397139,Residential,Central AC,0.829537637,1575.576112
274,13,-7.229827749,6.656554976,Commercial,Split AC,-6.304825391,1756.581357
416,11,28.39306072,2.245216868,Residential,Central AC,29.47204721,1791.252344
476,8,9.130211783,4.60278532,Residential,Window AC,11.03185325,2435.843754
448,8,25.83258389,6.657928077,Commercial,Central AC,26.12683701,2048.590972
363,15,2.888620138,2.776747547,Commercial,Window AC,2.255184589,2020.565302
391,12,-4.990657183,2.720652075,Commercial,Window AC,-4.396798955,2157.287769
426,8,8.973444396,3.819350789,Commercial,Central AC,7.247207233,2209.663009
376,17,-5.441734611,7.262499583,Commercial,Window AC,-3.852145338,2275.435876
298,19,9.440620119,1.00309947,Residential,Central AC,7.918144164,1492.027561
235,10,26.81188725,7.309681676,Commercial,Central AC,26.1232586,1053.026098
295,9,10.83072567,2.076649172,Commercial,Window AC,12.0937072,1434.129611
351,7,14.65998908,7.930604632,Residential,Window AC,15.04923859,1678.32036
350,17,-3.734462521,7.683928951,Commercial,Split AC,-4.15992044,2146.318921
389,18,-8.250574965,4.462726327,Commercial,Window AC,-8.356832327,2388.342937
423,14,-5.567681513,4.589041735,Residential,Split AC,-4.14949194,2494.402844
236,15,13.94126303,4.370845382,Commercial,Window AC,13.30128057,1189.380368
467,6,-6.19953204,5.44810552,Commercial,Central AC,-4.720933301,2604.220994
382,13,5.039715598,1.635051916,Commercial,Window AC,3.392253322,1999.632121
212,14,12.00367762,1.228325638,Residential,Central AC,13.11087137,1119.00148
478,13,5.546111945,1.403920499,Commercial,Central AC,6.936302477,2424.362302
416,5,-3.452647941,4.110557445,Residential,Central AC,-4.72537733,2240.767895
485,14,0.951652301,2.928835575,Commercial,Split AC,0.67303843,2567.565912
472,7,27.13270131,5.354276937,Residential,Window AC,25.79470041,2057.637493
261,12,17.03929102,7.947096026,Commercial,Central AC,17.86570754,1340.741914
283,10,9.841913547,3.704262212,Residential,Central AC,9.983304619,1521.521458
416,9,-9.491404401,5.016888779,Residential,Split AC,-8.950111014,2402.784619
386,9,29.69661602,3.909227271,Residential,Window AC,28.48256389,1608.640474
218,10,16.8581974,6.930901674,Residential,Window AC,15.70518084,1085.088058
376,19,2.676899094,7.315654824,Residential,Split AC,0.842888396,2205.615519
299,11,25.1707464,7.141489285,Residential,Split AC,24.45901654,1362.450433
432,5,0.337264812,7.820605671,Commercial,Window AC,0.576243457,2431.529908
275,13,11.76066317,1.192634296,Commercial,Split AC,13.19240282,1311.824644
464,7,15.44283055,6.878713135,Residential,Window AC,16.11054034,2281.583323
483,8,-1.157465142,6.262405211,Residential,Window AC,-1.415879848,2652.409477
405,14,29.13589115,2.600860866,Residential,Central AC,30.94837161,1799.627038
422,5,19.92767624,7.694240654,Residential,Central AC,20.80465704,2017.331074
251,17,12.31252902,2.037245498,Commercial,Window AC,14.03318983,1217.135979
343,15,-2.776216073,5.75684949,Residential,Window AC,-2.66586418,2138.680801
268,14,-7.84567172,2.574231518,Commercial,Window AC,-8.810054621,1637.37121
298,7,2.802393301,4.019664541,Commercial,Window AC,1.013700046,1603.870767
224,6,20.12749344,6.034119279,Residential,Window AC,21.03183284,1029.608039
252,6,0.773251932,4.943272494,Residential,Window AC,-0.741536076,1375.441403
350,18,11.58224882,3.992512819,Commercial,Split AC,10.79334933,1838.962845
343,5,19.11788707,3.284369017,Commercial,Window AC,19.2477707,1510.059562
256,12,-5.682251414,6.87761759,Residential,Split AC,-5.424585063,1643.56366
238,7,17.41192064,2.006700452,Residential,Split AC,17.81425343,1025.154067
308,7,-6.325164492,4.010720136,Residential,Window AC,-7.66014317,1798.527796
380,10,28.60518969,7.326303002,Commercial,Window AC,28.1241393,1665.121347
241,17,9.535765203,6.920946853,Commercial,Split AC,10.00454211,1328.936637
385,12,-3.972955692,3.806592337,Residential,Split AC,-2.093680233,2112.469148
422,17,3.695345441,6.341758545,Commercial,Window AC,4.605869992,2315.878485
321,19,6.536657972,6.762125815,Commercial,Window AC,8.227073,1703.516435
332,13,20.32740044,7.222211968,Residential,Split AC,21.37624868,1614.178222
362,13,19.73695144,4.811540383,Residential,Split AC,20.10381932,1713.464522
414,8,14.47762021,2.431226202,Commercial,Split AC,13.24571369,1989.005769
420,18,-5.762771498,2.787163536,Commercial,Central AC,-5.09602889,2424.415229
434,9,-3.937225136,3.069862718,Residential,Split AC,-3.443706873,2443.30962
345,6,-6.249723174,5.156617366,Residential,Central AC,-5.839846492,2111.593704
438,15,13.08691133,1.229667369,Residential,Window AC,13.0460548,2225.166628
275,13,25.08553766,5.452297281,Residential,Window AC,25.20016408,1215.107501
208,12,7.35202049,3.550479669,Residential,Split AC,6.689790599,1096.059749
273,7,-3.566073042,3.066692617,Commercial,Window AC,-3.488822271,1593.2581
452,15,12.32169301,7.156475995,Commercial,Window AC,11.11191663,2284.13689
429,16,22.47008867,4.220016769,Commercial,Window AC,23.69078626,2036.588859
206,17,19.66848246,1.665371319,Commercial,Window AC,18.41159028,926.3725427
373,13,25.25803119,6.787227376,Residential,Central AC,23.59789635,1781.080654
340,7,1.11608389,1.333488802,Residential,Central AC,0.861067995,1810.621835
367,13,-2.241845309,6.087244569,Residential,Split AC,-1.608615551,2083.144544
369,6,25.19265944,6.417343552,Commercial,Split AC,24.94352674,1634.738346
482,16,16.30241251,3.468218242,Commercial,Split AC,15.40942904,2417.08339
321,14,2.4371572,6.773514994,Commercial,Window AC,2.669841936,1803.966909
393,13,19.69392202,4.609615841,Residential,Window AC,19.08193136,1952.089408
204,19,22.60473538,4.243055573,Commercial,Central AC,24.33620614,986.2488424
228,12,14.59912961,1.31782297,Residential,Central AC,16.28971017,1075.944993
364,13,17.5153644,3.030204356,Residential,Split AC,17.52485168,1767.420651
335,9,5.010396178,7.517069796,Residential,Central AC,4.321932154,1816.840922
344,15,11.54782669,3.742767743,Residential,Central AC,12.49635635,1740.323383
416,15,10.96636683,4.826903644,Residential,Central AC,9.113218603,2140.80646
331,6,23.92191165,4.724151753,Residential,Central AC,23.82098767,1475.652695
491,12,23.59855921,5.133017629,Commercial,Central AC,22.94385279,2333.732713
269,16,23.30721877,1.42931669,Residential,Split AC,24.98936231,1162.842329
451,19,-9.55873543,3.535233784,Residential,Split AC,-11.51072332,2696.564794
474,10,19.98181938,6.061897917,Commercial,Central AC,20.19307888,2282.813347
381,12,20.3470556,2.403921758,Residential,Split AC,21.30970993,1733.207064
366,15,17.13515291,2.425048643,Commercial,Window AC,17.07522486,1784.190755
290,9,20.25058632,1.070634247,Commercial,Central AC,18.59219844,1207.002415
401,14,23.67881486,4.062373486,Commercial,Window AC,25.56866042,1786.704059
218,6,8.812762164,7.179140665,Residential,Split AC,8.88480389,1161.136152
238,10,10.08200854,1.363306605,Residential,Split AC,10.53875352,1133.165314
325,9,-5.011437724,2.337830966,Commercial,Window AC,-6.064998593,1824.220468
372,16,5.415035322,3.170591768,Residential,Split AC,5.349027662,1953.84966
340,17,15.7346072,6.122073156,Residential,Central AC,15.45120516,1816.868962
441,16,21.21599105,5.48444915,Commercial,Window AC,19.51557441,2123.37448
419,9,-1.311636092,3.911607332,Commercial,Central AC,-2.886994678,2261.306719
325,17,-4.487084034,6.313482575,Residential,Window AC,-3.137193955,2007.470075
257,5,16.52168018,5.267417082,Commercial,Split AC,15.48095999,1123.692424
347,6,-9.924804659,7.272285598,Commercial,Window AC,-11.14497157,2016.790293
200,12,-2.865096628,6.726187244,Commercial,Window AC,-2.845450823,1316.547836
389,17,-8.837144786,2.769695243,Residential,Central AC,-7.762156261,2280.703695
390,18,-3.324595286,2.900070043,Residential,Split AC,-5.076809211,2192.795575
316,17,-2.747228803,1.877495331,Residential,Central AC,-2.439997124,1858.926997
333,7,5.50694379,3.35875308,Commercial,Split AC,3.983785561,1678.974822
257,14,6.093084987,7.996807431,Residential,Central AC,4.238929191,1479.814259
243,7,24.97049882,3.84025818,Commercial,Window AC,23.18147463,942.4411578
372,12,10.4043885,2.543419043,Residential,Central AC,11.74104493,1889.974413
359,12,18.93619062,6.337380191,Residential,Split AC,17.40808056,1824.308554
372,6,-5.834505683,4.797297024,Commercial,Split AC,-7.653900226,2010.411529
348,12,-0.982449781,2.047210147,Residential,Window AC,-1.230850233,1921.313834
279,15,18.11773764,3.664827768,Commercial,Split AC,19.49371153,1389.359913
412,17,-7.887841581,3.901288009,Residential,Central AC,-8.838208075,2405.269497
402,17,9.46390649,6.276807904,Residential,Window AC,9.15075696,2107.025442
451,5,13.97475863,1.144699582,Commercial,Split AC,12.13444876,2139.320789
428,10,14.08582576,2.883137528,Commercial,Split AC,13.88213982,2136.458039
363,12,-9.082687549,4.623174109,Commercial,Central AC,-8.772235227,2208.229904
426,7,2.884320169,2.881927197,Residential,Central AC,3.167948384,2232.669208
346,12,15.45962604,5.399038332,Residential,Window AC,14.78933281,1730.982063
219,16,-4.040010554,4.373072355,Residential,Split AC,-4.777877831,1358.110978
246,5,17.81662593,3.531971784,Commercial,Central AC,16.24312041,1126.652294
432,15,19.83700835,7.644460388,Commercial,Window AC,19.30420164,2205.831923
213,15,29.27876762,5.425116494,Commercial,Split AC,27.67674629,827.4178997
342,13,-1.606320206,1.909589606,Residential,Split AC,-0.539936427,1920.510582
200,17,23.00522671,4.920641882,Residential,Window AC,24.8703239,955.9756308
253,15,10.81186308,6.465122972,Commercial,Window AC,12.6921609,1426.230202
458,17,4.938503846,5.959427882,Residential,Central AC,6.398788243,2501.361519
343,13,-5.104929707,2.204624605,Commercial,Split AC,-4.70176111,1922.788059
211,9,19.42022426,7.806939993,Residential,Split AC,20.22368705,984.729627
423,14,-0.565696034,4.14169552,Residential,Split AC,-1.424872824,2295.956858
471,8,4.856880075,2.113175026,Commercial,Window AC,5.379961756,2401.857266
355,19,-7.498310924,2.261370279,Residential,Central AC,-7.675712726,2110.3578
207,15,22.05467663,1.687644945,Residential,Split AC,21.98274599,995.1845705
321,10,20.66354096,6.624626759,Commercial,Window AC,21.6946472,1572.273278
363,16,19.3446332,1.85421346,Commercial,Split AC,18.47230662,1770.392175
289,11,1.97774042,1.8758768,Residential,Central AC,1.249898866,1586.419054
335,9,-3.060797029,6.953301303,Commercial,Split AC,-1.362229865,1931.612099
385,15,15.50213058,3.412228591,Residential,Central AC,13.72702776,1896.943115
377,17,9.846655365,1.21600533,Commercial,Central AC,9.789192558,1922.426811
227,14,-2.869901324,1.363267097,Residential,Split AC,-1.218698122,1354.725525
419,13,17.43645084,1.995193127,Residential,Split AC,17.87790287,2022.81559
240,7,29.64505727,2.493753436,Commercial,Central AC,29.83068557,875.234641
427,19,19.88878351,5.65602336,Residential,Window AC,18.88776023,2125.258791
391,11,19.59945547,2.10128396,Residential,Central AC,18.97255742,1783.328066
344,14,28.01251012,1.832120738,Commercial,Split AC,29.42070378,1406.822325
400,14,-1.882545297,6.35303399,Commercial,Split AC,-1.64567277,2359.467818
411,15,12.6219986,5.697386987,Residential,Window AC,12.68096737,2239.894239
419,9,29.1858686,4.04726955,Commercial,Central AC,27.58418746,1888.124201
439,18,-3.388235561,4.8451684,Commercial,Central AC,-5.324122935,2459.77362
245,11,18.01007838,3.183888142,Residential,Central AC,19.86481913,1167.877416
234,19,13.43240584,4.377502942,Residential,Split AC,12.94035051,1297.252786
452,6,13.45916369,4.546708543,Commercial,Central AC,13.87201594,2188.874831
281,8,17.9068251,3.710660898,Commercial,Window AC,16.22568539,1315.057203
455,6,27.18467692,7.346005475,Commercial,Split AC,27.91713406,2051.334804
396,18,21.30327759,1.112433055,Residential,Split AC,23.03354443,1939.145947
209,17,-7.754555863,6.475198842,Residential,Central AC,-7.451894851,1479.090861
485,17,24.1091208,1.870679819,Residential,Window AC,22.61358208,2224.91901
441,16,-0.978346803,6.582831524,Residential,Split AC,-0.651460693,2544.822237
450,11,5.076566589,5.31138341,Residential,Split AC,6.141955442,2443.018203
204,6,8.469312544,6.902946637,Residential,Central AC,8.094978691,1100.925827
318,17,9.23624003,1.682600279,Residential,Central AC,10.75559102,1679.08049
488,18,7.40721597,4.912864439,Commercial,Window AC,8.001947784,2603.661378
264,15,27.49413177,4.507615162,Commercial,Central AC,29.09112744,1091.026304
345,5,18.24076031,5.943352281,Residential,Window AC,18.73478155,1612.668953
423,13,15.24682584,4.740033863,Residential,Split AC,13.77197773,2137.250271
438,5,-8.006318889,4.78514197,Residential,Window AC,-8.767552044,2449.396279
376,12,26.15653321,4.007171605,Commercial,Window AC,24.963713,1727.833705
466,19,26.37560768,3.161840968,Residential,Window AC,28.01091367,2167.993626
481,6,21.20852254,4.375850529,Commercial,Split AC,22.25012281,2218.059631
262,16,-9.718831847,1.829446511,Commercial,Central AC,-9.013238372,1693.927408
416,12,-7.708789957,7.730593373,Commercial,Split AC,-8.504924678,2481.336343
482,17,-0.991051909,6.000875345,Commercial,Central AC,-2.254872821,2694.297206
376,7,-4.746023674,7.667269817,Commercial,Window AC,-3.720219322,2226.22602
297,10,5.953441188,2.587091676,Residential,Window AC,5.850072972,1513.00343
304,7,26.90492232,7.155387141,Residential,Window AC,25.80808053,1293.18646
298,18,8.882417368,6.661529892,Commercial,Window AC,9.348905281,1528.521897
205,11,-9.463894943,5.740066887,Residential,Window AC,-11.30255953,1364.061334
396,14,1.309827583,5.375204303,Commercial,Central AC,0.6145086,2273.292506
332,13,-8.216203665,3.215847657,Commercial,Central AC,-8.341975687,1873.945374
458,6,-8.548495095,6.714875495,Residential,Window AC,-9.956661759,2564.928929
222,19,1.028794124,4.51060823,Residential,Split AC,2.967412034,1396.733681
252,16,1.024493547,1.496241031,Residential,Split AC,-0.139116994,1322.314079
364,16,21.4850641,3.190042126,Residential,Window AC,20.00647662,1695.98995
401,19,28.99338611,7.54707969,Residential,Central AC,27.80752561,1968.083963
282,18,4.848283756,6.954761824,Commercial,Split AC,5.924528288,1758.52227
344,9,7.155475154,7.873339887,Residential,Split AC,6.857497792,1874.646999
284,17,23.79157745,5.395953678,Residential,Split AC,24.05324121,1294.722061
277,10,0.725560804,2.732570512,Residential,Window AC,-1.190402568,1480.761561
200,8,-3.744727824,2.139705348,Commercial,Split AC,-5.60700259,1186.210423
250,8,24.12358494,2.308401084,Residential,Split AC,23.90688714,1028.362414
372,8,-8.139976542,1.138569608,Commercial,Split AC,-6.87335557,2177.767478
404,6,14.78797761,3.734774777,Residential,Split AC,16.32893312,1981.416074
459,8,12.4797139,2.339993763,Residential,Central AC,10.82654017,2238.809491
487,15,3.8368179,3.881588223,Commercial,Window AC,3.990270308,2588.319133
233,5,2.607580844,7.544961023,Residential,Window AC,4.260499589,1477.521093
294,16,20.87430905,4.013781467,Residential,Central AC,20.42620006,1428.490734
271,10,-6.543015569,7.145891479,Commercial,Central AC,-5.224752244,1662.625477
238,5,-0.528627628,5.238533366,Residential,Window AC,-1.99384501,1341.468936
353,14,19.29794927,2.729920883,Commercial,Split AC,21.03952723,1626.256442
449,10,11.93282335,3.490983315,Commercial,Split AC,12.93851662,2115.59984
361,5,-4.880471659,1.587436751,Commercial,Window AC,-3.115134088,1975.588359
317,10,25.28542457,3.334238155,Commercial,Split AC,25.99189351,1461.526105
458,14,5.737913863,5.742786619,Commercial,Central AC,5.191529591,2377.259164
467,12,23.11473501,1.504777651,Residential,Split AC,24.8674597,2141.137658
253,15,21.50852062,2.437809859,Residential,Split AC,20.61078773,1105.783149
435,6,14.97701786,3.67008729,Residential,Split AC,14.30570795,2109.821604
421,6,9.779245252,7.874346759,Commercial,Window AC,10.58247892,2167.181749
450,18,29.18203362,6.494032761,Commercial,Central AC,30.24329881,2054.147418
311,19,-4.201397105,6.134407225,Commercial,Split AC,-2.483783169,1881.653915
454,17,19.0062291,1.813336696,Commercial,Window AC,17.82543874,2149.658271
406,16,-2.352371941,6.466971255,Residential,Split AC,-1.160379801,2421.840915
428,8,3.530524213,6.496881681,Residential,Central AC,4.484708427,2361.642734
265,15,2.347949735,5.207718869,Commercial,Split AC,0.60312796,1528.367737
274,7,27.88143951,7.932532474,Commercial,Central AC,27.43033207,1241.819229
302,8,28.69424711,3.276777341,Residential,Split AC,27.82530894,1216.462648
391,17,-2.679382231,7.588907138,Commercial,Central AC,-3.461420533,2300.635738
451,16,-9.118593588,7.403117805,Commercial,Split AC,-7.18680607,2702.697152
425,11,18.80032159,1.080364618,Commercial,Central AC,19.37143124,1988.843732
493,17,6.719597355,4.150815685,Residential,Split AC,7.590301986,2589.450114
297,15,-6.446390196,7.839729631,Residential,Split AC,-4.539919647,1889.583733
485,5,17.35016422,1.721849537,Commercial,Window AC,16.85897135,2288.550653
448,10,11.80422113,4.834492861,Residential,Window AC,13.0115818,2266.103522
365,19,29.22067288,7.852702549,Commercial,Central AC,28.95879673,1735.883103
229,19,-0.903620166,4.888467969,Commercial,Split AC,0.574514522,1471.032673
446,7,6.159115053,2.328707121,Residential,Central AC,4.881745218,2287.52272
305,15,11.70183214,5.075282611,Commercial,Window AC,13.49257684,1597.847379
250,14,21.66799954,2.431084018,Commercial,Central AC,20.54308637,1089.892634
280,11,11.95354627,4.63792984,Residential,Central AC,11.2584283,1432.915568
332,14,14.51600643,1.518295525,Commercial,Window AC,15.54077537,1532.927627
484,6,-0.954117936,5.238378685,Commercial,Split AC,-1.37909737,2588.563243
337,18,23.87674912,4.617529574,Commercial,Central AC,24.30959463,1475.621359
383,6,7.145221879,6.181129581,Residential,Window AC,6.923515883,1907.654674
472,17,-4.361614899,5.414903298,Commercial,Split AC,-3.392135151,2612.412997
268,8,16.56751658,4.84724388,Residential,Window AC,15.48084159,1320.799716
233,5,-1.356381873,5.828451945,Commercial,Central AC,-3.122549924,1352.613858
461,7,-6.09749959,2.007593395,Commercial,Split AC,-6.897782001,2443.511911
252,17,24.47947634,5.167517629,Commercial,Split AC,24.376711,1190.71151
404,13,8.40649058,2.20477422,Commercial,Window AC,7.078570788,2117.43085
325,11,19.97134851,7.478655455,Residential,Window AC,19.39053767,1610.427159
434,19,1.623502392,1.478338734,Residential,Window AC,1.223434465,2355.778732
242,11,21.4788054,4.012623248,Commercial,Split AC,19.70837277,1089.694715
439,17,-5.522562919,5.870582344,Commercial,Split AC,-5.189333926,2610.324917
310,17,4.238934952,4.206155482,Commercial,Central AC,5.776308664,1717.076793
448,15,29.12247272,1.644666773,Commercial,Split AC,27.72944437,1987.549591
350,8,21.75958865,4.873653113,Commercial,Central AC,22.15082071,1588.21958
382,6,9.890237213,5.491423362,Commercial,Window AC,10.54919403,1850.804116
294,19,3.591098862,5.926546177,Commercial,Window AC,3.268437584,1770.49285
207,18,24.885428,3.612818701,Commercial,Split AC,25.68981835,1016.838547
383,8,11.79391036,4.945619797,Residential,Window AC,11.43683654,1873.314009
480,10,20.33700071,4.154805325,Residential,Window AC,20.35554987,2326.175108
394,15,20.16430721,5.704392271,Residential,Split AC,18.19371939,1889.523548
394,15,-9.282172857,5.084898771,Commercial,Central AC,-8.515292401,2367.569959
354,7,-4.949848688,4.680293537,Commercial,Split AC,-4.304477973,2083.254215
292,5,16.38517466,2.746670568,Commercial,Central AC,14.53877817,1293.133842
359,18,-3.535207549,1.014129624,Residential,Split AC,-4.062207119,2047.576385
260,16,0.219733786,2.218571727,Commercial,Split AC,2.135861149,1411.000278
321,12,27.86551817,1.81946229,Residential,Window AC,27.54846442,1310.196256
250,16,12.40729033,4.143593215,Commercial,Split AC,12.41507196,1211.448893
476,17,20.02918028,5.285807055,Residential,Split AC,21.66890091,2376.737343
204,9,12.31922955,2.491595061,Residential,Central AC,13.18827705,1016.625336
291,19,12.10054459,7.573399672,Residential,Window AC,12.42882512,1603.87808
369,9,-6.233923595,1.046774905,Commercial,Central AC,-5.04270487,2063.7387
221,15,3.746527704,6.406107106,Residential,Central AC,5.20399277,1310.637704
200,8,1.297235947,5.376433387,Commercial,Window AC,1.124788234,1205.097397
332,10,5.629134625,3.614883607,Commercial,Window AC,5.529568084,1754.33375
432,7,21.93376753,1.353422611,Commercial,Window AC,21.47797127,1828.778771
211,13,4.877306717,5.392406002,Commercial,Split AC,6.744131277,1266.68756
245,9,8.067872769,3.69929459,Commercial,Window AC,8.856537786,1248.490661
233,7,5.895255619,7.553869976,Residential,Window AC,4.228147884,1234.129592
277,15,-6.263681121,4.793930524,Commercial,Window AC,-4.811842628,1702.887129
417,5,7.64288633,7.577560579,Commercial,Central AC,7.565126093,2076.804434
272,14,-2.175629078,2.543385854,Commercial,Central AC,-3.900613453,1521.007688
481,16,-2.531068169,6.080081373,Commercial,Split AC,-2.332199148,2731.71513
448,10,-6.238555823,5.320743146,Commercial,Central AC,-6.569898707,2551.328785
246,19,4.266838966,6.175857609,Residential,Split AC,5.777836585,1494.836509
320,6,20.29927539,2.502675048,Residential,Central AC,19.11525381,1405.724863
413,17,1.057667623,5.654961614,Commercial,Window AC,2.363526061,2297.590962
438,7,2.493964075,4.486282751,Residential,Central AC,2.72471884,2309.593237
255,5,15.70698631,6.199774824,Residential,Split AC,13.92542752,1191.53033
306,13,-2.166367497,3.289312509,Commercial,Central AC,-0.278986291,1676.992683
247,12,25.87831722,7.230399178,Residential,Window AC,25.92877819,1072.812476
260,16,10.80762093,1.590109202,Commercial,Split AC,9.971128347,1374.164932
225,6,7.904117613,6.650325232,Residential,Window AC,7.781744981,1278.859448
491,19,12.31280768,7.029237381,Residential,Window AC,13.74423881,2633.456385
456,16,-3.358627463,6.72076618,Residential,Split AC,-4.139014966,2701.979624
207,15,14.53892555,4.58908476,Commercial,Window AC,13.30963113,1062.967243
312,12,4.524029465,4.06869486,Residential,Window AC,3.040314453,1780.632259
452,16,25.88745364,7.973836006,Residential,Central AC,25.07889123,2293.889338
379,18,-3.245831733,2.604203658,Commercial,Window AC,-2.125639385,2089.098074
406,13,10.28204415,4.828131761,Commercial,Window AC,10.16854962,2113.406638
326,5,13.92450517,5.694728678,Residential,Window AC,12.83443159,1589.348505
255,17,-8.664655929,5.906073451,Commercial,Window AC,-9.99991593,1671.886117
413,9,4.54772499,2.42817266,Residential,Split AC,3.878642896,2159.943355
213,12,19.30540939,5.577958646,Residential,Central AC,21.06510688,1009.034286
227,19,22.8151003,6.728586965,Commercial,Window AC,22.18720715,1080.572789
277,15,2.526479793,1.350130038,Commercial,Window AC,4.478976097,1522.775149
415,18,21.9437309,7.380649053,Commercial,Split AC,21.88465272,2133.686747
353,6,28.71023508,1.206528386,Residential,Window AC,27.42689076,1427.603946
213,8,24.27495744,3.491797227,Commercial,Split AC,25.83951781,882.0593203
386,11,-5.294240474,1.110692374,Residential,Central AC,-5.452818981,2127.7748
206,7,19.58921328,1.54001618,Commercial,Central AC,20.42789866,859.5653249
202,17,2.786673298,7.378177996,Residential,Window AC,4.72151963,1225.302734
310,16,29.53663958,3.484025815,Commercial,Window AC,27.73734098,1311.644898
437,9,9.414359326,3.973400713,Residential,Window AC,7.801137566,2208.119194
438,12,-5.102644066,2.50741067,Commercial,Split AC,-4.2208171,2372.871078
473,16,19.00742192,5.179670391,Residential,Window AC,18.13472193,2301.971243
493,14,2.920447935,5.163622503,Commercial,Window AC,1.657653523,2680.121319
426,7,29.88312628,3.605402743,Commercial,Central AC,28.0405738,1830.352756
214,8,29.19129831,3.331244103,Residential,Window AC,27.27868516,819.0736786
391,18,16.24536072,7.194750157,Commercial,Central AC,17.34330313,2005.189041
318,19,-4.806942042,3.682989677,Residential,Window AC,-6.269208332,1928.644035
227,13,17.47443991,4.454506945,Residential,Central AC,17.34532237,1058.38017
401,18,-6.278780542,2.983133337,Commercial,Window AC,-5.855193281,2374.150802
238,18,-8.825433636,6.507386523,Residential,Central AC,-9.112026434,1692.066541
472,11,22.91833785,3.782137098,Commercial,Split AC,21.02676446,2226.033916
430,5,-1.609882093,4.595277326,Commercial,Central AC,-0.475876082,2369.113492
285,18,5.161085049,2.77350019,Residential,Central AC,3.203137947,1584.678721
325,16,28.9382956,7.913617146,Commercial,Central AC,29.98585518,1549.477601
499,8,3.473620074,3.040470186,Residential,Window AC,5.04683805,2587.47599
224,8,1.859591251,6.395197716,Residential,Window AC,1.590950936,1248.763682
344,13,26.72831998,3.992469552,Commercial,Window AC,26.87048988,1541.260661
212,10,-5.570062187,2.443521836,Commercial,Split AC,-5.662128617,1242.656535
411,13,20.3832964,6.598031348,Residential,Split AC,19.94013088,2128.167628
224,16,29.52262267,3.335247523,Residential,Central AC,31.07232081,887.1612025
267,19,26.05184043,7.056353432,Commercial,Split AC,27.62757447,1307.601355
266,10,16.06671675,7.406800294,Commercial,Central AC,15.40998221,1336.514594
432,10,2.5624318,7.018766848,Commercial,Central AC,3.022710816,2300.258189
308,9,0.172879247,1.245055404,Commercial,Central AC,1.880509496,1557.381768
345,9,22.77020419,6.511613415,Residential,Split AC,24.61843819,1641.129903
310,6,25.19287656,3.879376265,Commercial,Window AC,25.22871272,1387.161423
427,12,11.0173965,7.116060441,Residential,Split AC,10.82869572,2195.320076
310,12,-0.226402369,5.465679839,Residential,Central AC,-1.111625105,1699.875006
233,15,-5.482271664,6.835501939,Commercial,Central AC,-3.646784171,1517.685977
310,17,-6.512821287,4.496022389,Residential,Split AC,-7.941564069,1860.756915
463,5,18.76309789,4.745178532,Commercial,Central AC,19.0824162,2145.941318
435,12,6.804749114,2.010713425,Residential,Central AC,5.934950184,2263.661717
282,9,26.21439497,6.487911511,Commercial,Split AC,25.33042813,1234.019153
241,6,19.58685203,3.935727282,Residential,Split AC,19.20672638,1008.436387
300,18,-2.349583283,4.500560828,Residential,Split AC,-0.35441154,1834.680005
205,6,14.55109675,6.495683999,Commercial,Central AC,12.77096198,1029.990846
379,18,7.420218176,5.191917801,Commercial,Central AC,7.734385449,2050.682209
481,19,13.08998923,2.407691092,Residential,Window AC,11.42027786,2453.699809
425,19,19.52276493,5.131628614,Residential,Window AC,18.14084825,2150.816192
428,10,22.24783524,3.853430006,Commercial,Split AC,22.00608701,2004.656228
488,15,23.74949306,4.286678794,Residential,Window AC,23.79133358,2321.521884
349,17,0.158994983,1.198178921,Commercial,Central AC,-0.805835384,2008.20796
476,13,-8.755376003,2.470205447,Residential,Window AC,-9.48954748,2719.86879
397,5,19.57178941,2.96726657,Commercial,Central AC,17.91965749,1778.234539
269,16,-5.74625095,5.990720055,Residential,Split AC,-6.533371814,1688.774712
311,10,2.596783545,1.080447313,Commercial,Split AC,4.463017302,1609.752876
203,13,-9.847314635,3.861440829,Commercial,Central AC,-8.068485108,1401.544583
294,12,17.2667793,7.468188093,Residential,Window AC,16.60629246,1449.224694
351,15,-3.314719541,1.783164316,Commercial,Split AC,-3.031303796,1969.139125
336,10,16.21129639,4.614970718,Residential,Split AC,17.84967795,1682.031088
446,7,29.66970469,6.505656677,Commercial,Window AC,27.69443998,1994.649161
442,12,-7.093165136,7.597719153,Commercial,Window AC,-5.850430854,2648.278491
230,13,-6.916879522,6.227436477,Commercial,Central AC,-5.123401311,1548.204916
239,5,3.615203707,6.043958841,Residential,Window AC,1.980506644,1252.81753
428,16,24.65546057,6.785416631,Commercial,Window AC,23.30125131,2060.769771
235,13,-1.378805248,4.123408547,Residential,Window AC,0.464179963,1457.647702
422,18,4.415112797,6.640911728,Commercial,Central AC,4.565273372,2295.482739
205,19,-7.259783735,1.055750833,Residential,Central AC,-9.202997197,1365.997314
419,10,20.52621165,7.471927388,Residential,Split AC,19.55673965,2034.583549
274,10,6.33225371,4.103145567,Residential,Central AC,6.132028407,1369.339669
203,16,20.36994932,4.873661315,Commercial,Split AC,21.14158497,972.9069517
333,8,26.14431377,2.784175742,Residential,Window AC,27.07695529,1366.645407
317,5,-0.689474116,6.19771583,Commercial,Split AC,1.292211936,1710.913839
293,14,22.29584121,1.536450645,Residential,Split AC,21.44588601,1301.748428
261,12,-7.636244397,7.108450618,Residential,Window AC,-7.483363989,1585.170031
393,6,25.95389553,6.796817803,Residential,Split AC,26.08718972,1737.913409
402,16,16.0307419,2.512420814,Residential,Central AC,15.65332294,2107.346
225,5,24.96906897,6.665270788,Commercial,Central AC,23.64571654,966.2805009
372,6,-9.992464018,6.504504131,Residential,Central AC,-8.082637765,2155.905798
499,5,-3.236757186,5.425516184,Residential,Central AC,-1.823488439,2772.269978
332,5,5.590375497,3.614641238,Commercial,Split AC,5.58370761,1648.835014
317,13,5.180116135,2.900491279,Residential,Split AC,5.593097826,1667.623326
474,17,-0.930784683,2.622485132,Residential,Window AC,-2.021740469,2548.968902
411,18,5.264477595,3.230262739,Residential,Split AC,5.439625876,2233.442085
424,5,-4.84605152,7.324909104,Residential,Split AC,-4.066170988,2457.620436
219,17,6.510445171,1.543485432,Commercial,Split AC,6.571113284,1148.262719
312,8,22.09417317,6.802098934,Commercial,Window AC,24.05531385,1341.607229
339,14,9.162802524,3.442230525,Residential,Central AC,9.608169149,1820.950906
246,10,-9.279996442,4.651195772,Commercial,Split AC,-9.796101592,1639.913887
200,11,6.857761663,6.561399436,Commercial,Window AC,7.946369774,1038.60754
289,6,-8.912999356,7.190635829,Residential,Window AC,-10.23114931,1805.510424
341,10,28.64973643,3.413469941,Commercial,Window AC,28.18779968,1454.84862
237,11,-4.901841623,4.232904369,Residential,Central AC,-5.514005822,1413.811946
492,14,18.30753305,3.901612454,Commercial,Split AC,18.03476143,2333.70147
338,18,28.91105292,1.092757235,Commercial,Window AC,30.03817222,1507.776868
458,14,23.04156207,3.071600222,Commercial,Central AC,22.9782542,2154.7621
360,6,17.97261501,4.214324636,Residential,Window AC,19.14867281,1687.418591
377,19,23.57843638,3.877655262,Commercial,Window AC,23.88439199,1767.788092
209,6,29.27194773,6.053504593,Residential,Window AC,28.64022547,746.8954157
460,14,14.85377989,3.693625321,Residential,Window AC,16.09369486,2168.317131
337,11,12.36739227,4.425635143,Commercial,Window AC,11.32055096,1686.600417
371,16,15.12952442,4.007260145,Residential,Central AC,14.02705634,1940.143656
212,5,11.30703547,6.184383042,Commercial,Split AC,11.32504717,1019.569408
367,12,15.40356424,7.040806793,Residential,Split AC,14.44696122,1788.641938
329,15,7.993688319,4.723223553,Residential,Split AC,6.030036459,1791.342375
283,17,-1.262272685,6.526025359,Commercial,Split AC,-0.669082575,1765.458597
300,7,-5.19011094,3.077506774,Commercial,Central AC,-5.145735654,1680.106502
472,15,-7.266362579,4.789587271,Commercial,Central AC,-7.484291321,2697.348961
464,10,0.53263135,3.416609676,Commercial,Central AC,2.400505409,2493.537879
237,13,-8.155057427,3.899406479,Residential,Window AC,-7.870260691,1507.536518
293,10,12.6868312,6.126897054,Residential,Window AC,14.14055751,1547.24194
294,13,1.353137881,7.171637376,Residential,Window AC,-0.089061174,1844.997808
268,11,22.98139232,1.850467738,Commercial,Split AC,23.25821818,1056.830292
435,19,-7.03036508,5.442474795,Residential,Window AC,-5.558446574,2640.792729
336,13,-0.945940226,5.075006653,Commercial,Split AC,-0.613517197,1930.952222
275,6,19.20984588,1.828905274,Residential,Window AC,20.0819026,1252.840464
234,16,13.95233186,2.483260313,Commercial,Split AC,13.44050613,1206.597954
200,12,-7.42034915,3.177017463,Residential,Window AC,-9.050551082,1297.90341
495,12,25.08957829,2.168517496,Residential,Window AC,24.92117947,2300.027823
259,6,25.09047051,2.706106378,Commercial,Central AC,24.66838808,1013.057281
466,16,3.216320155,2.873205592,Residential,Window AC,4.684560885,2460.504238
428,18,3.616233734,3.349716831,Commercial,Window AC,2.592214943,2373.293986
469,8,29.56113433,6.24573317,Residential,Central AC,31.42807124,2064.281226
485,18,15.04704686,5.003385427,Residential,Split AC,16.87959934,2511.480635
490,19,11.25266082,7.903726704,Commercial,Central AC,10.2431874,2630.822001
412,15,23.52608734,3.903150789,Commercial,Central AC,22.91829516,1818.699623
364,19,1.411613534,6.277055517,Residential,Split AC,2.993836498,2085.647785
204,11,7.167303736,7.10027895,Residential,Window AC,9.033792619,1181.237933
277,15,0.71106702,5.752849451,Residential,Split AC,0.484823431,1619.090951
261,8,21.56643386,3.883053183,Residential,Window AC,20.85042205,1011.82795
331,8,12.93397383,6.275162415,Residential,Window AC,13.03834988,1732.531147
288,10,16.35300281,2.425669964,Residential,Split AC,17.10407963,1351.68711
436,14,0.092289994,3.292865156,Commercial,Central AC,-0.813811945,2406.659918
241,10,-1.190987945,4.826796786,Commercial,Split AC,-0.245095246,1395.736947
288,14,9.534985159,5.027865711,Commercial,Window AC,7.741614588,1564.107021
495,19,19.50262996,1.154990328,Residential,Split AC,17.69980793,2487.301364
494,7,11.0095903,7.615799321,Residential,Split AC,10.55474112,2490.418483
303,19,-8.694172898,5.876390899,Residential,Window AC,-9.28028013,2036.291047
213,13,24.74206025,4.469926252,Commercial,Central AC,24.00459311,933.1958245
487,16,-7.412524259,7.531890641,Commercial,Split AC,-7.448445209,2813.354039
378,14,28.23297935,4.073668957,Residential,Window AC,27.51591368,1798.598221
324,18,-8.994321669,7.863048992,Residential,Window AC,-10.22529,2111.757817
222,15,17.77801825,4.585993301,Commercial,Split AC,17.01589644,1118.873526
262,6,-6.711717452,1.80000039,Commercial,Central AC,-4.81210036,1493.208164
342,10,26.42706318,6.353606807,Commercial,Split AC,26.07151685,1500.849856
352,16,8.577329449,5.752284076,Residential,Central AC,8.356180556,1914.776402
344,11,-4.499049007,6.410907049,Residential,Central AC,-4.192869048,2104.777062
424,16,3.632627992,7.660094201,Residential,Central AC,5.565991065,2363.229474
303,17,-3.407012986,6.435425119,Commercial,Central AC,-4.44060788,1863.476135
303,13,-3.176723538,5.279356216,Commercial,Split AC,-2.451595096,1871.054401
238,17,27.92433281,7.001162317,Residential,Window AC,28.78827158,1066.141912
397,7,7.809844491,5.712725075,Residential,Window AC,8.239142159,2077.62065
333,14,21.55209056,3.856833398,Commercial,Window AC,19.90640391,1602.722835
266,7,15.58422245,7.19933835,Residential,Window AC,16.29171155,1300.384383
378,11,17.05705449,2.553303225,Commercial,Window AC,15.31343334,1810.702127
241,18,-4.732262461,6.002488924,Commercial,Window AC,-4.347691863,1609.088854
214,8,-0.632622127,7.170944185,Residential,Split AC,0.325702582,1282.862456
310,17,21.47001341,6.119215638,Commercial,Central AC,20.31389297,1561.12237
356,12,28.83064826,5.880927933,Residential,Window AC,30.19713629,1557.809531
488,17,0.507025704,6.268468059,Commercial,Split AC,-1.371559074,2694.009597
430,11,0.86275059,4.255386738,Commercial,Window AC,2.238002045,2255.814423
356,9,8.915885312,7.119194775,Residential,Window AC,8.757201515,1853.472499
237,11,29.35361251,2.424055326,Commercial,Central AC,28.22396427,862.4017837
296,7,0.758357833,1.891704912,Residential,Central AC,-0.706529587,1556.415033
488,16,6.278876385,2.998561461,Residential,Central AC,8.092105056,2596.387715
453,6,25.65920062,4.721041777,Commercial,Window AC,23.94986298,1948.249114
395,10,-9.883158695,4.573932568,Residential,Window AC,-11.08678502,2215.992487
285,6,-8.4093614,6.744191304,Residential,Window AC,-9.018072011,1708.570286
209,7,14.16286708,3.831980595,Residential,Central AC,14.64380648,1002.25813
204,10,26.29520659,4.390410984,Residential,Split AC,26.47441093,827.8233682
322,9,-0.445733584,1.093573783,Residential,Window AC,-1.943159614,1690.304363
317,12,8.785670987,3.868174655,Residential,Window AC,7.944582922,1709.04884
493,13,8.018612066,5.534419631,Commercial,Window AC,6.973619151,2552.488715
358,15,8.918853844,1.108558314,Residential,Split AC,7.773025262,1851.511058
427,7,14.90078783,2.966173756,Commercial,Window AC,14.54536518,2022.672341
415,16,8.78975052,2.455694515,Commercial,Split AC,9.60587633,2108.828815
383,14,7.898725653,1.293898002,Residential,Window AC,6.768537382,1932.143736
214,7,8.971536817,4.354820629,Commercial,Split AC,8.438252336,1129.22338
356,7,13.63469765,2.272063053,Commercial,Window AC,13.19836736,1708.972054
335,17,11.48029953,6.201570777,Residential,Central AC,13.38612565,1845.232056
460,17,24.16543991,6.935495186,Residential,Central AC,25.98410533,2264.277609
356,10,-8.02012586,4.819096279,Residential,Central AC,-6.819575529,2016.12534
246,19,23.33268286,7.871951398,Commercial,Central AC,22.29931854,1333.169527
372,19,23.7569845,4.15335,Commercial,Window AC,22.02913376,1795.470683
329,5,1.396320861,4.593577472,Residential,Central AC,0.663937412,1791.660314
294,11,8.514078201,7.924524278,Residential,Split AC,7.581256398,1591.937429
314,16,7.541539541,2.620839052,Commercial,Central AC,7.565242742,1724.952603
442,5,-1.259606626,7.597821578,Commercial,Central AC,-0.148694986,2376.195153
491,18,5.871873883,1.299862886,Commercial,Central AC,7.305165639,2603.410603
481,9,-8.224489113,4.124708232,Commercial,Window AC,-6.845032772,2596.879837
498,19,1.112882911,1.490024585,Residential,Central AC,0.551585156,2726.967674
482,14,22.66728702,6.1046432,Commercial,Split AC,23.41622439,2278.106038
268,17,1.382492071,5.258862551,Commercial,Central AC,0.633828861,1608.289596
347,12,22.72826675,5.946439844,Commercial,Central AC,20.97188892,1700.871819
210,8,11.26397858,3.6213628,Commercial,Central AC,12.07023965,1074.603446
453,9,25.19450709,3.586373538,Residential,Split AC,23.2338173,2110.028948
237,8,12.99118217,1.317234953,Residential,Central AC,12.62791252,1152.519389
333,16,-8.813271077,3.449614577,Commercial,Split AC,-9.495754,1999.977221
399,16,17.0168083,7.505018816,Commercial,Split AC,17.79031846,2079.76476
222,18,-8.205857279,3.65458576,Residential,Central AC,-7.140875388,1399.93373
417,8,8.023880759,6.819573944,Residential,Split AC,7.240259303,2146.686447
340,16,27.17706778,6.896278533,Commercial,Window AC,28.42357584,1659.902298
303,12,-3.391842426,3.612688095,Commercial,Central AC,-4.216175384,1738.879558
409,6,5.594894118,5.423920763,Residential,Central AC,5.380199558,2036.154909
310,5,19.19441235,1.667601216,Residential,Split AC,20.10248646,1446.120785
303,7,25.29034224,1.725750065,Residential,Split AC,26.06202316,1268.272382
370,13,16.83772019,1.340603646,Residential,Central AC,18.78719408,1792.470181
332,8,0.326930168,5.067105654,Residential,Window AC,-0.772425735,1787.414684
492,14,16.98431412,3.982496843,Residential,Split AC,17.63358577,2439.088054
326,9,1.869105644,4.836226497,Commercial,Split AC,2.307833277,1801.566694
305,6,18.73716919,4.647512334,Residential,Window AC,20.39756301,1355.818466
291,8,28.1613251,3.451420938,Residential,Window AC,26.78677367,1173.117558
486,6,18.85573804,5.742313904,Residential,Central AC,19.8629307,2246.986822
250,19,24.51522012,6.309513166,Residential,Window AC,24.78829458,1181.126485
228,6,-9.915846273,1.102397812,Commercial,Central AC,-10.81718279,1419.477963
495,8,18.70288499,2.450696098,Commercial,Window AC,18.60062465,2286.128234
496,10,23.18350227,5.992651077,Residential,Split AC,22.51860866,2447.465379
413,11,-8.377650498,3.706341208,Commercial,Central AC,-8.060396887,2302.987006
466,14,24.86390909,5.637387629,Commercial,Central AC,26.41991153,2196.780349
456,7,0.267769132,3.428738618,Commercial,Central AC,0.54498907,2381.736737
300,7,16.61168408,3.735286066,Commercial,Window AC,17.13857375,1386.521419
309,14,22.01419516,2.110752116,Commercial,Split AC,22.08918655,1465.575854
381,10,16.50658052,2.807617138,Commercial,Central AC,14.71124255,1764.33086
200,17,-6.308608317,5.237882303,Residential,Central AC,-7.37717409,1346.823244
254,16,13.85286075,4.032141779,Residential,Central AC,13.82086767,1335.575212
348,7,11.98334627,6.420118781,Residential,Central AC,11.2242874,1763.310121
336,17,26.01285072,6.968094685,Residential,Split AC,24.73990511,1607.92788
401,6,6.169589186,4.791524928,Residential,Window AC,6.186120553,2020.022844
316,12,2.843243883,6.307871044,Commercial,Split AC,2.134483057,1779.929589
353,9,19.99403058,3.148331592,Residential,Central AC,19.02646115,1674.635096
490,19,6.507013043,3.904798508,Residential,Split AC,6.362954713,2540.014725
262,5,15.843847,5.989443734,Commercial,Central AC,14.37698403,1207.265712
443,7,15.8580036,3.70348395,Commercial,Window AC,17.56898654,2030.422543
224,14,25.52156257,5.119534546,Residential,Window AC,26.99237097,1006.416037
289,12,13.94769609,2.297609454,Commercial,Window AC,14.77817844,1463.010275
274,8,10.0861444,5.198399205,Commercial,Central AC,8.510999709,1393.505319
493,18,-4.445146944,7.030595951,Commercial,Split AC,-3.341637926,2802.013122
409,11,-5.370495733,7.080477479,Commercial,Window AC,-4.13866642,2328.354663
216,14,-3.827137389,6.070410844,Residential,Central AC,-2.756078918,1383.962417
327,16,-3.126060747,6.220273654,Commercial,Central AC,-4.670197198,1951.252782
450,18,15.51508371,4.905492116,Residential,Split AC,16.09071553,2340.975176
378,18,19.63925001,5.092676631,Residential,Window AC,20.97654919,1843.820981
381,6,11.19966092,1.93555407,Commercial,Central AC,11.50907452,1857.470085
351,11,23.1607093,4.107014319,Commercial,Split AC,23.7463388,1584.456145
224,9,29.65052907,4.155433987,Commercial,Window AC,29.48398299,811.1128959
379,9,22.80050516,7.70948485,Residential,Split AC,22.91533444,1780.663316
397,10,17.79529495,4.017608038,Commercial,Split AC,15.93280238,1915.249656
360,17,11.29970798,4.845398514,Commercial,Central AC,11.85556007,1943.15902
376,13,7.954122867,4.732759795,Commercial,Central AC,6.279911719,1972.744694
484,18,-6.624304778,5.457332019,Commercial,Central AC,-6.884246401,2748.314306
262,10,5.974749936,6.237629819,Commercial,Split AC,5.145370326,1495.117088
349,16,26.40538547,2.575293133,Residential,Central AC,26.58709727,1515.516611
353,17,22.3209052,4.701070934,Commercial,Split AC,20.85457054,1707.248999
355,19,-1.3579454,6.781423951,Commercial,Split AC,-0.591371792,2119.756027
248,18,8.664311388,4.241802997,Commercial,Central AC,9.844357536,1366.942885
283,12,22.6689281,2.949202825,Residential,Window AC,21.3223459,1229.60132
376,11,-7.304617809,5.582963527,Commercial,Window AC,-8.887365459,2242.235977
347,13,5.495703427,6.766371771,Residential,Window AC,4.077765358,1738.788754
317,8,24.07364947,1.44198205,Residential,Split AC,25.58215972,1389.558424
262,6,6.155914567,6.437533384,Commercial,Split AC,6.268671614,1360.78656
388,11,-6.895414211,6.751535531,Commercial,Split AC,-7.026370227,2308.859769
248,10,11.70137474,4.230660493,Commercial,Central AC,10.12822202,1266.84387
456,5,24.4696998,7.883139598,Residential,Split AC,25.06792382,2184.366164
423,15,13.61142172,6.506958385,Residential,Central AC,15.08342009,2200.855299
340,13,-0.948835671,6.415637954,Residential,Central AC,0.363907806,1931.089835
414,13,5.369584805,6.234870021,Residential,Window AC,5.873803641,2163.915879
410,16,8.004934447,2.054256723,Residential,Window AC,6.306049314,2113.57096
231,6,13.17065415,2.520616205,Residential,Window AC,11.62024226,969.9437404
357,7,20.37404103,4.24793092,Commercial,Central AC,18.57127698,1602.923718
484,9,-6.045055294,2.84803045,Commercial,Central AC,-7.015138428,2643.004907
